"logos","Customer_list.Customer_name","websites","linkedin","facebook","instagram"
"https://encrypted-tbn0.gstatic.com/images?q=tbn:ANd9GcQKoc4tLRjGf9Bdti9tCZqZH2OWeiBmfDG1IwjPc6V3LAe1hEgRU3pdpv3CIYs&s","LARS SPENGELER -","https://www.amw-spengeler.de/","https://www.linkedin.com/company/lars","https://hi-in.facebook.com/lars.spengler.1","https://www.instagram.com/luckyloser73/"
"https://encrypted-tbn0.gstatic.com/images?q=tbn:ANd9GcQtAspBMAfXnlnaASdkidAu3QV-swU9-57dGLv4OofjIElJYh_CoLaiN3r9kIU&s","SAN PIETRO SERVIZI SRL","https://www.informazione-aziende.it/Azienda_SANPIETRO-SERVIZI-SRL","https://it.linkedin.com/company/centro-software-s.r.l.","https://www.facebook.com/sinedileservizisrl/","https://www.instagram.com/savnoservizi/%3Fhl%3Daf"
"https://encrypted-tbn0.gstatic.com/images?q=tbn:ANd9GcTz4QwQUAgR1bL4RuL4TBNKoomL7_I132bFeSuBw6KO1iGrGtfky29D-Os0eQ&s","ILLUMINANDO FIRENZE SRLS","https://www.illuminando.com/","linkedin Not found","https://ar-ar.facebook.com/biaginiluce/","https://www.instagram.com/chelinifirenze/"
"https://encrypted-tbn0.gstatic.com/images?q=tbn:ANd9GcRKYK92EihcWC5xAqZ4o5wcB5AriUOMr92RqU5ekWAiT77r2xYsqAqlM3yJvg&s","SAVI IMMOBILIER","https://www.savi-immobilier.fr/","https://fr.linkedin.com/company/savi-immobilier","https://www.facebook.com/saviimmobilier45","https://www.instagram.com/savi_immobilier/"
"https://encrypted-tbn0.gstatic.com/images?q=tbn:ANd9GcSGbS0pQ0iRdNHMkfSrchPys3Wzpohj6GW8I4_c-bMmbfKuBZgQ8q1ynHSfbAw&s","SERENA","https://www.serenawilliams.com/","https://fr.linkedin.com/company/serenavc","https://ar-ar.facebook.com/SerenaWilliams","https://www.instagram.com/serenawilliams/"
"https://encrypted-tbn0.gstatic.com/images?q=tbn:ANd9GcS9O7MvBFnjhtZjP6U5ahtXdewcDNn4Sf4OOkiR2-2DhzPepyrBaSL8epJKoJU&s","MEYER WERBUNG","https://meyer-werbung.de/","linkedin Not found","https://ar-ar.facebook.com/kommzumeyers/","https://www.instagram.com/barbarameier/"
"https://encrypted-tbn0.gstatic.com/images?q=tbn:ANd9GcQtBp74aQ83ZOR5Wt5FoOHtUem9CXnxbfhcMsxenC7EC1gc-aiYrC6Esr0Nbrc&s","SISTEMA DESIGN DI CARLI FEDERICO","https://sistemadesign.it/news/","linkedin Not found","https://www.facebook.com/federico.carli.5","https://www.instagram.com/sistemadesign/"
"Logo Not found","CAFE DALI","website Not found","https://de.linkedin.com/company/caf%25C3%25A9-dali","https://ar-ar.facebook.com/pages/category/Restaurant/Cafe%25CC%2581-Dali%25CC%2581-104656328340982/","https://www.instagram.com/cafedali.in/"
"https://encrypted-tbn0.gstatic.com/images?q=tbn:ANd9GcQzjjhYLeBavl1X0G1RB3yDWwens9mYkzN6ymIHV-2QtVehzcNoMTZwCm3-vMs&s","AUX DELICES DE L ABBAYE","https://www.tripadvisor.fr/Restaurant_Review-g9681754-d3324426-Reviews-Aux_Delices_de_l_Abbaye-Orbais_l_Abbaye_Marne_Grand_Est.html","https://ae.linkedin.com/company/hotel-abbaye-de-talloires","https://fr-fr.facebook.com/pages/category/Restaurant/Au-d%25C3%25A9lice-de-labbaye-525066401007283/","https://www.instagram.com/auxdelices_delabbaye/"
"https://encrypted-tbn0.gstatic.com/images?q=tbn:ANd9GcThcOzteBCYgpMopG-1vLYkggxH2gnDMThzdM5tCgQklXl6pdfEW3Bvc9TYeg&s","MME FLORENCE YOONGRAM","https://www.anses.fr/fr/documents/CHIM2009sa0331Ra-02-An02.pdf","linkedin Not found","facebook Not found","https://www.instagram.com/florencepugh/"
"https://encrypted-tbn0.gstatic.com/images?q=tbn:ANd9GcRX3O00sOtzTO2QaeMpy_rTu6eunhn988c4pYAdQFAZJ4AMIUcIAsLI4QeGVQ&s","ARKASS VERSICHERUNGSMAKLER","https://arkass-stein.de/","https://www.linkedin.com/company/schober-information-group","https://de-de.facebook.com/SparkasseKarlsruhe/","https://www.instagram.com/lustigistdasvertreterleben/"
"https://encrypted-tbn0.gstatic.com/images?q=tbn:ANd9GcRXONOBR0Y-j5rHmP2nXCo3wgAObdOTK0wkGfp5zvgJ0jeLPBsX1mz80hTY8b4&s","AERA CONCEPT","http://m.aera.hu/en/","https://in.linkedin.com/company/%25C3%25A6ra-strategic-innovation","https://www.facebook.com/pages/category/Apparel-Distributor/Aerea-Concept-144490806151706/","https://www.instagram.com/areaconceptstore/"
"https://encrypted-tbn0.gstatic.com/images?q=tbn:ANd9GcSSptZ9nMJDFVSfrJwdpqHoSFmVCAG9wAgx_Y5J6Gr6mDyFjFe_sOani0vt3Q&s","MAINTECH SANTE","https://maintech-sante.fr/","https://fr.linkedin.com/company/maintech-industries","https://fr-fr.facebook.com/pages/category/Computer-Company/Maintech-Niger-130558907124254/","https://www.instagram.com/maintech_senegal/"
"https://encrypted-tbn0.gstatic.com/images?q=tbn:ANd9GcSuCdLyr-L5MtN2E2raJwK3Ac5rru9pn7EL2kS1NVGJoM5gGxhKqIkGZTSs9Q&s","CHEVALLIER CONSEIL","https://chevallierconseil.fr/","https://fr.linkedin.com/company/d--chevallier-conseils","https://m.facebook.com/profile.php%3Fid%3D750961211632240","https://www.instagram.com/nchevalier_heraulthomehunter/%3Fhl%3Dfr"
"Logo Not found","EARL DU VERNET","website Not found","linkedin Not found","https://en-gb.facebook.com/pages/La-petite-ferme-du-Vernet/1677384575691061","https://www.instagram.com/fromages_bach/"
"https://encrypted-tbn0.gstatic.com/images?q=tbn:ANd9GcTg8KDOKWCvhSadtpcBo0VXwiCTprQDpPz0yYSG8_myBajirZEKQ7tAcJsSdA&s","BUISSONNIERE ACTIVITES GITES SEJOURS","https://labuissonniereags.com/fr/","linkedin Not found","https://ar-ar.facebook.com/pages/category/Hotel---Lodging/La-Buissonni%25C3%25A8re-AGS-1964852467076218/","instagram Not found"
"Logo Not found","ELICICOLTURA UMBRA","website Not found","linkedin Not found","https://www.facebook.com/elixumbra/","https://www.instagram.com/explore/tags/insettibuoni/"
"https://encrypted-tbn0.gstatic.com/images?q=tbn:ANd9GcRZL0cYnJjvlPbFRa22gR2FDyq2mftLyikfLAG5bf3A3QRnfT79yA0ha1Twtg&s","STAATLICHE BERUFSSCHULE II BAYREUTH","https://kbs-bth.de/anmeldung/index.php","linkedin Not found","https://m.facebook.com/profile.php%3Fid%3D115509605149538","https://www.instagram.com/bbs2_del/"
"https://encrypted-tbn0.gstatic.com/images?q=tbn:ANd9GcRJbXtomtfJ5VopyDm10gz19qymGfCGpFe3TeyRc4LhpRODVc8yYubk-K6O1A&s","ELETTRA SNC DI VISMAN ANDREA E RIODA ANDREA","https://www.guidamonaci.it/gmbig/main.php%3Fp%3Dcomp_prof01%26id%3D155043091323699","linkedin Not found","facebook Not found","instagram Not found"
"https://encrypted-tbn0.gstatic.com/images?q=tbn:ANd9GcTpgrCrGDcwMCijmHgm8bZZ-nWNOi_vZ_qRflyRiN2wAEBo_iF9E02OVR58HA0&s","MAIRIE DE BRETTNACH","https://www.linternaute.com/ville/brettnach/ville-57110/mairie","linkedin Not found","https://www.facebook.com/pages/category/City-Hall/Mairie-Brettnach-243166270291443/","https://www.instagram.com/villedethionville/"
"https://encrypted-tbn0.gstatic.com/images?q=tbn:ANd9GcRffvXKPw3mCadI-JQsoxRrJo1yEnwem56cTnsFLwnaCIyiv_9-7woqc7Znjp0&s","DR. MED.DENT. KNUT KARST ZAHNARZT","https://www.dr-karst.com/","linkedin Not found","facebook Not found","instagram Not found"
"Logo Not found","ANDREAS FLEER","website Not found","linkedin Not found","https://www.facebook.com/andreas.fleer","https://www.instagram.com/andrea.sawatzki/"
"https://encrypted-tbn0.gstatic.com/images?q=tbn:ANd9GcReaf1nti_0rxE_fLmM4Y3MZmwGRChKN2RBNcN7CQWufhtWB8eWHvdsH8_JNJI&s","BESTATTUNGEN JUNKER GMBH","http://www.junker-online.de/","https://www.linkedin.com/company/junker","https://www.facebook.com/bestattungenmerscher/","https://www.instagram.com/junkerapp/channel/"
"Logo Not found","MAURICE JOEL","website Not found","linkedin Not found","https://fr-fr.facebook.com/joel.maurice.5203","https://www.instagram.com/mj93_official/"
"https://encrypted-tbn0.gstatic.com/images?q=tbn:ANd9GcQooAqqin7zoNuCwX_4J8IShH5h8sSoqHpOSnvh2q8djkxoTkDdQMToGundhNw&s","MROTZEK ELEKTRO GMBH","https://www.mrotzek.com/","https://www.linkedin.com/company/busch-jaeger-elektro-gmbh","https://www.facebook.com/ESTGRUPE/","https://www.instagram.com/rexelgermany/"
"Logo Not found","STUDIO PULIX GIORGIO S.A.S.","website Not found","https://tn.linkedin.com/company/aps-group%3Ftrk%3Dppro_cprof","https://business.facebook.com/Giorgio-Perozzi-56075008336/%3Fref%3Dpy_c","https://www.instagram.com/studio_v.a/"
"Logo Not found","A. HILL GMBH","website Not found","https://de.linkedin.com/company/hill-international%3Ftrk%3Dpublic_profile_experience-item_profile-section-card_subtitle-click","https://www.facebook.com/pages/category/Real-Estate-Company/HILL-Real-GmbH-101142748349871/","https://www.instagram.com/hillrealgmbh/"
"https://encrypted-tbn0.gstatic.com/images?q=tbn:ANd9GcTf2MSJtt5rXh9IybLbvNkElv3pRazDJwjDz0WzR0iVFhOF_3JOzNFJEGAhBw&s","DINAMICA BIESSE S.R.L.","http://www.dinamicabiesse.it/","https://ar.linkedin.com/company/dinamica-biesse-s.r.l.","https://www.facebook.com/biesseauto/","https://www.instagram.com/biesseauto/channel/"
"https://encrypted-tbn0.gstatic.com/images?q=tbn:ANd9GcRZrFp0e1OkPSbuVK8Dve7REaRALSDUl_KST0kjNYb_74_B5gnZNAOH34AKhZI&s","MR CATALDO LASORSA","https://www.dansnoscoeurs.fr/cataldo-lasorsa/3224501","linkedin Not found","https://it-it.facebook.com/cataldo.lasorsa","https://www.instagram.com/porllan__55_er/"
"https://encrypted-tbn0.gstatic.com/images?q=tbn:ANd9GcQpO7lZmB9j497U-s6c7GuN2-mLRqwaGavU4prrf9S1GPdl2HiNSrTMm1dYrA&s","SERTECO SRL","https://www.serteco.biz/","https://www.linkedin.com/company/serteco-srl","https://ar-ar.facebook.com/sertecosrl/","https://www.instagram.com/serteco3d/"
"https://encrypted-tbn0.gstatic.com/images?q=tbn:ANd9GcRjj7lKLBZC6DURTwHdRjcTL3D42s1BNa0vRO1fzJFiIAkvtISZk9uyN9efWTU&s","ALPHADI AKADEMIE","https://alphadi.de/","https://www.linkedin.com/company/alphadi-training-academy","https://fr-fr.facebook.com/alphadiakademie/","https://www.instagram.com/p/Bq8JxTfghdk/"
"https://encrypted-tbn0.gstatic.com/images?q=tbn:ANd9GcQMGCv00Y9yV8RQU5tmC-PqQDWElC0Wa98mqJD10byZjFyl34FhZ-nAJ2QQEtQ&s","ASSOCIATION AIDE MENAGERE MILIEU RURAL","https://www.admr.be/fr","https://fr.linkedin.com/company/union-nationale-admr","https://m.facebook.com/profile.php%3Fid%3D129495137220713","https://www.instagram.com/admr_marne/"
"https://encrypted-tbn0.gstatic.com/images?q=tbn:ANd9GcStkfXnPKtNKVDNEp-6HOyuIbKqM1DFgr5ux1ptm7vbnm0Hca6RYjD7_JSeVQ&s","RISTORANTE AUGUSTA","https://www.ristorante-augusta.de/","https://www.linkedin.com/company/tbonz-catering-hall","https://www.facebook.com/pages/category/Restaurant/Augusta-Cucina-e-Cicchetto-107624940958426/","https://www.instagram.com/augusta.resto/"
"https://encrypted-tbn0.gstatic.com/images?q=tbn:ANd9GcTdQEDo1wu9Zxan-u3xwd41J_qVsUtK83VrHwkD4R6nhPRKENG5S54WuSU6cQ&s","MR N TIZRA","https://tizra.com/our-team","linkedin Not found","facebook Not found","https://www.instagram.com/dullyquality_watch/"
"https://encrypted-tbn0.gstatic.com/images?q=tbn:ANd9GcQdiYclrFqVkHws-K3WbtROgEiMJNrTE5AcMu7QThgWQBoX2pBAtOx1hyWYtg&s","CHRISTIAN HEIDER BAUGEWERBE","https://www.heider-bau.de/index.php%3Foption%3Dcom_contact%26view%3Dcontact%26id%3D2%253Achristian-heider%26catid%3D12%253Akontakte%26Itemid%3D56","linkedin Not found","https://www.facebook.com/christian.heider.3367","https://www.instagram.com/unikatofenbau_christianheider/"
"https://encrypted-tbn0.gstatic.com/images?q=tbn:ANd9GcTa5UJcqVMzsGrPr6-pm7FKw-EH1TvJErSH4WMNUyO-Q0gg_tS9foxXnHhDvg&s","DITTA GIUGLIANI VERONICA","https://www.beweb.chiesacattolica.it/benistorici/bene/6652896/Ambito%2Bitaliano%2Bsec.%2BXX%252C%2BSanta%2BVeronica%2BGiuliani","linkedin Not found","https://www.facebook.com/pages/category/Holiness-Church/Santa-Veronica-Giuliani-2292012227747504/","https://www.instagram.com/giuglianiveronica/"
"Logo Not found","MONSIEUR CHRISTOPHE DEBEAULIEU","website Not found","linkedin Not found","https://www.facebook.com/pages/category/Artist/Christophe-Debeaulieu-chante-Claude-Fran%25C3%25A7ois-568031236632709/","https://www.instagram.com/p/Cc9v6wfNb_n/"
"https://encrypted-tbn0.gstatic.com/images?q=tbn:ANd9GcTG8o76O-DaNZ8Q0U5SVzIZ4FgnmWG2OX1qFWECSHDIiBi1oJrWN3upHvjN4Ac&s","BURKHARD SUDHOFF","https://www.sudhoff-tierpharmazeutika.de/","linkedin Not found","facebook Not found","instagram Not found"
"https://encrypted-tbn0.gstatic.com/images?q=tbn:ANd9GcSNgCwqGvuIyR-9XR5hIbtKrLmx5XwH1A-mlQ96r52KaOV7UYxtcyTwktN5HA&s","TOSKANAWORLD","https://www.toskanaworld.net/","https://de.linkedin.com/company/toskanaworld-ag","https://www.facebook.com/toskanaworld/","https://www.instagram.com/explore/tags/toskanaworld/"
"https://encrypted-tbn0.gstatic.com/images?q=tbn:ANd9GcRVP46UhVPSdACU7UCSDIWsqnlnF7mtihHp5hYrU3VosFQSMPC5u51lKqsdoRQ&s","MANFRED KANTORSKI","https://manka-shk.de/","linkedin Not found","https://www.facebook.com/manfred.kantorski","instagram Not found"
"https://encrypted-tbn0.gstatic.com/images?q=tbn:ANd9GcSQlUtOUX3auieXGKGWtUGmAjqd6OZlREG0fqsVyYpHZcLZ97Jzg7q5LsIbuxU&s","MAREIKE MARTIN PD09 PODOLOGIE","https://www.podologie-koenitz.de/","linkedin Not found","facebook Not found","instagram Not found"
"https://encrypted-tbn0.gstatic.com/images?q=tbn:ANd9GcTGTLsjMNoVvKFEKZyBpsqMngIFTzgtTIzLkt7xT1oSfOn-gx9NDL-AXlKKB6A&s","SNC CASCAVEL SALVIGNAC - AU REND","https://www.france-galop.com/sites/default/files/19obst25.pdf","linkedin Not found","facebook Not found","instagram Not found"
"https://encrypted-tbn0.gstatic.com/images?q=tbn:ANd9GcQs34hXUL_0lMoHDVJcMSubO99Gcx599kMb1k15UpT51XlSkhTMmassRXLuUyg&s","ALFRED SUPPAN","https://www.suppanfinearts.com/en","linkedin Not found","https://www.facebook.com/alfred.suppan","https://www.instagram.com/salzburgerkunstverein/"
"https://encrypted-tbn0.gstatic.com/images?q=tbn:ANd9GcQ44Mx-gNk41QmXlHOs2c8SkXmP-KQrtgfmAYM-S1IWyCuBAlAgI3ncoT4WpA&s","VIOLA DHONAU GASTHAUS ZUR SCHAABE","https://www.schaabe.de/kontakt","linkedin Not found","https://www.facebook.com/ZurSchaabe/","instagram Not found"
"https://encrypted-tbn0.gstatic.com/images?q=tbn:ANd9GcRt6ZWg8dWdDiYaemAqHiv9jiGcxxdPRcqpIVEEDFaf9Syo1QfRV6tOcTTvj30&s","ABC NEON SNC","http://abcneonsignco.com/","https://www.linkedin.com/company/bank-abc","https://m.facebook.com/ABC-Neon-2225721904383741/","https://www.instagram.com/newneonabc/"
"https://encrypted-tbn0.gstatic.com/images?q=tbn:ANd9GcRy71JdiL6zE-YsieXbNsKFpXN1btOjZV1nR1ihKGNmJ1w1XdRHkI2jl41vCg&s","MR DANIEL BRANDAZZI","https://batiment.e-pro.fr/vosges/brandazzi-daniel_f1585594","linkedin Not found","facebook Not found","https://www.instagram.com/mr.daniel_2020/"
"Logo Not found","LE BAR DES AMIS","website Not found","https://fr.linkedin.com/company/bar-des-amis","https://fr-fr.facebook.com/bardesamisdevillars/","https://www.instagram.com/bardesamis13008/"
"Logo Not found","MY VANITY DI MY ALESSIA","website Not found","https://it.linkedin.com/company/alessiacaliendo","https://www.facebook.com/pages/category/Hair-Salon/Salone-Alessia-1133900106741309/","https://www.instagram.com/alearcolaci/"
"https://encrypted-tbn0.gstatic.com/images?q=tbn:ANd9GcTvCHAtSgYJuPDD3CvRNMo3lfdSfNF0_qtuhGVpUHZsz_L9ceww3ZuiabcwoA&s","PRO-TOPO","https://ngmdb.usgs.gov/topoview/","https://fr.linkedin.com/company/protopo","https://www.facebook.com/Pro-Topo-560146624030917/","https://www.instagram.com/bora.pro.topo/"
"https://encrypted-tbn0.gstatic.com/images?q=tbn:ANd9GcS3UjVTxBebqrC9-VbUdwPPDjuqj0LWi2znKueAZ17jOaP0Ndkzx3CFS8NanQ&s","CHAUSSURES DAVID","https://charlesdavid.com/","linkedin Not found","https://www.facebook.com/yacoupi2021.chausseres","https://www.instagram.com/davidsshoes/"
"https://encrypted-tbn0.gstatic.com/images?q=tbn:ANd9GcS_Frvg43-YA4Nn_MafHuXN5PiOPyCm-CXICRBlXHM6_Nt3las5HkBEOJu-dMU&s","TRANSKOM SAS","https://www.transkom.it/","https://tn.linkedin.com/company/transcom","https://www.facebook.com/pages/Transcom-Global-SAS/118609368253353","https://www.instagram.com/transcomserbia/"
"https://encrypted-tbn0.gstatic.com/images?q=tbn:ANd9GcQ6c8tbyi2DvVk9Rbrp_s_HGkLYSm5GWDC3y1u8E494vdgdYvQX2h8XbC1oUQ&s","TRANSPORT JLG EXPRESS","https://onlineexpress.jlg.com/","https://tn.linkedin.com/company/jlg-industries%3Ftrk%3Dproducts_details_guest_organization_image","https://www.facebook.com/pages/category/Transportation-Service/ZS-Express-Tunisie-102291701522943/","https://www.instagram.com/jlgindustries/"
"https://encrypted-tbn0.gstatic.com/images?q=tbn:ANd9GcRBDh4JgT4HY1ixlQP2elzupZEz9_JrGY9FA8MWChwcr1SwlaVxy6ruuBTB8wI&s","CARAVANTOURS S.P.A.","https://www.caravantours.it/","https://ma.linkedin.com/company/caravantours-s.p.a.%3Ftrk%3Dpublic_profile_experience-item_profile-section-card_image-click","https://www.facebook.com/caravantourstouroperator/","https://www.instagram.com/explore/tags/caravantours/"
"https://encrypted-tbn0.gstatic.com/images?q=tbn:ANd9GcQ3qI10zDo5pBCc9DKAyIgdOa3WiboWw8oB-lLkjesb85QWg9y4QQp8ZZ5JEA&s","AP. PE.L.","https://www.tuneps.tn:447/ep/bid/moveEpBid.do%3FmenuId%3DEP03010100%26leftTopFlag%3Dt","linkedin Not found","https://m.facebook.com/APPE-576811122391344/","https://www.instagram.com/de_appel/"
"https://encrypted-tbn0.gstatic.com/images?q=tbn:ANd9GcRYXv3C2qhWqRoNOmVzH4JX1KPTWtSsl-go-zf1qUkoviGdWtJIbVJXeew3zBw&s","PARADOX BOUTIQUE","https://paradoxmaillots.eu/","https://lv.linkedin.com/company/paradox-events-and-marketing-qatar","https://www.facebook.com/paradoxboutique88/","https://www.instagram.com/paradox_mulhouse/"
"Logo Not found","PICCIRILLO ROCCO","website Not found","linkedin Not found","https://www.facebook.com/rocco.piccirillo.9","https://www.instagram.com/francesco__piccirillo/"
"https://encrypted-tbn0.gstatic.com/images?q=tbn:ANd9GcQQuWwteLqQAAZ6nNdTpIxG1OwWXyNZCpkKoI9QAdaU_mh7hmjRsLmdDMwaVQ&s","EDEN SERVICES ANIMALIERS","http://www.eden-servicesanimaliers.com/","https://fr.linkedin.com/company/edengarde","https://www.facebook.com/JamesEden-Pension-pour-chats-et-chiens-317147608822930/services/%3Fref%3Dpage_internal","https://www.instagram.com/eden_garde_/"
"https://encrypted-tbn0.gstatic.com/images?q=tbn:ANd9GcQeK-q4ciLVn-DMlOr7xCJtT0CB81ZO4yh3ON5cfLBnAKUEBfLZFcNJTfeTyTA&s","STUDIO RECUPERO SALVATORE","https://www.studiolegalerampantisalvatore.it/","https://lu.linkedin.com/company/studio-legale-associato-giammaria-gassi","https://www.facebook.com/giuseppesalvatore.recupero","https://www.instagram.com/iasevoli.salvatore/"
"https://encrypted-tbn0.gstatic.com/images?q=tbn:ANd9GcQTeE1nmBmyfRvfDMtitaMTfM9tVUNs3awwcviOwj3VV_aDeVu11TbtFbpfKg&s","CORNELIA GERLACH LANDWIRTSCHAFT","https://www.firmenwissen.com/en/az/firmeneintrag/35232/4330293723/CORNELIA_GERLACH_LANDWIRTSCHAFT.html","linkedin Not found","https://de-de.facebook.com/pages/Cornelia-Gerlach-Keller-mit-Pampered-Chef/101807995263458","https://www.instagram.com/judith_gerlach_mdl/channel/%3Futm_source%3Dig_embed%26ig_rid%3Dbec2ab73-356c-45fb-afd5-20846fd5cd94%26ig_mid%3D7DFD51BB-DF54-490F-A82E-05C7D476115A"
"https://encrypted-tbn0.gstatic.com/images?q=tbn:ANd9GcQ5sUX56V5MukZIYCvibEmBMCyvUO19-VYldMoJ8he2EuxdMJfww2sExu1vbg&s","ASSOCIAZIONE NUOVA VITA ONLUS","https://www.associazionenuovavitaonlus.org/","https://it.linkedin.com/company/progettonuovavita","https://www.facebook.com/NuovaVitaOnlus/","https://www.instagram.com/associazione_nuovavitaonlus/"
"https://encrypted-tbn0.gstatic.com/images?q=tbn:ANd9GcTXoO8VyB5AXncV1-SkUxu3ufQ4UTSLSh5BPH-FxtNCjMH7QsO3chaAy2wNscg&s","ZILS CONSULTING","https://www.zils-consulting.com/","linkedin Not found","https://ar-ar.facebook.com/ZilsConsulting","https://www.instagram.com/gt3web.consulting/"
"https://encrypted-tbn0.gstatic.com/images?q=tbn:ANd9GcRdbYB9Or5KcRltbzSqW4zMFJzWV77cWPnksh8FD7UccScAlMLEQo1NbyfzvlU&s","ODISIN","https://www.canva.com/","https://tt.linkedin.com/company/groupe-odis","https://m.facebook.com/Odisin-perez-263328508875399/videos/%3Fref%3Dpage_internal","https://www.instagram.com/mary.odisin/"
"https://encrypted-tbn0.gstatic.com/images?q=tbn:ANd9GcTsaDsnqPBn5Dw5tWHRlYdoLVULFq84wYVpEZxhX7TvbLCZ8TVjuLuhh1NtdSc&s","MARTIN PUBLICITE","https://www.housemartinpubdoncaster.co.uk/","linkedin Not found","https://fr-fr.facebook.com/TheMartinGroup/","https://www.instagram.com/p/B30DXE_n2Em/"
"Logo Not found","DI PASQUALE FRANCESCO","website Not found","linkedin Not found","https://www.facebook.com/depasquale5stelle/","https://www.instagram.com/di.p.francesco/"
"https://encrypted-tbn0.gstatic.com/images?q=tbn:ANd9GcTwJ8Docfxsrv8_J79krAEHC3wQBdBhBFR9DlIqBvwivhQMsHI1GPWCE-Ksbg&s","EURL HAMELIN PHILIPPE PIERRES ET TRADITIONS","https://www.pierres-et-traditions.com/notre-equipe/","linkedin Not found","https://fr-ca.facebook.com/pierre.p.hamelin","https://www.instagram.com/pierre_hamelin_/"
"https://encrypted-tbn0.gstatic.com/images?q=tbn:ANd9GcSNDzgmx3FaHg97WHc68Va0HZjn8IublTh8AjpZbVMPT7hms7wuaAHCp8a-HaI&s","TAXI KIM GMBH","https://www.yelp.com/biz/taxi-kim-recklinghausen","linkedin Not found","https://www.facebook.com/kitztours/","https://www.instagram.com/p/B_S1rwqgPzB/"
"https://encrypted-tbn0.gstatic.com/images?q=tbn:ANd9GcQ0jl9W2GoDq800Ba4RBpfyYFcVIJA2KS1lRmVRhaLQv5qyprzgTM_oEKlgFnc&s","BRESSION SEBASTIEN","https://champagnebression-s.com/","https://my.linkedin.com/company/champagne-bression-sebastien","https://www.facebook.com/champagneBressionSebastien/","https://www.instagram.com/champagnebressionsebastien/"
"https://encrypted-tbn0.gstatic.com/images?q=tbn:ANd9GcRmC3DgIAPFmBGqkpvDvyS_dUfQcurHTRlltGuM-Ms8o7UfT1NZO1fTVRhPzQ&s","AUTOSERVIZI PIERSIGILLI","https://autoservizipiersigilli.it/","linkedin Not found","https://www.facebook.com/Piersigilliviaggisrl","https://www.instagram.com/autoservizi_piersigilli/"
"https://encrypted-tbn0.gstatic.com/images?q=tbn:ANd9GcRCluOVOYq6ZoaGF0DXvxYJwXPpGASOmk6GghuNMrvzfChQWCqsFomCP3v8-IM&s","BOTT SILVIO","https://www.silviocarta.it/en/","https://fr.linkedin.com/company/vignoblessilviodenz","https://m.facebook.com/silvio.bott.9","https://www.instagram.com/p/Bp4zSR8n_eV/"
"Logo Not found","STUDIO DENTISTICO ALTOBELLI SERVIDEI","website Not found","linkedin Not found","https://it-it.facebook.com/pages/category/General-Dentist/Studio-Dentistico-Associato-Altobelli-e-Servidei-1566364730247343/","https://www.instagram.com/altobelli_house/"
"https://encrypted-tbn0.gstatic.com/images?q=tbn:ANd9GcT82iJX4tVjOXvWS0yN8WErhqDPjymZUYl9OZjWOQfh2q1asbY9TmGsdupBQ18&s","STEUERBERATER SIEGFRIED SCHADL","https://www.steuerkanzlei-schadl.de/","linkedin Not found","https://www.facebook.com/pages/category/Tax-Preparation-Service/Steuerkanzlei-Schadl-Karmann-Kollegen-1462870847188643/","instagram Not found"
"https://encrypted-tbn0.gstatic.com/images?q=tbn:ANd9GcQH5MWR8cMW8T04N13k3L6l1KGiTacllKJv5cJcC91Rvaeu7NIuw_HgJI2vfGQ&s","SICLET MANDOT CHRISTINE","https://copainsdavant.linternaute.com/p/christine-mandot-siclet-4031611","linkedin Not found","https://fr-fr.facebook.com/christine.mandot.7","instagram Not found"
"https://encrypted-tbn0.gstatic.com/images?q=tbn:ANd9GcTRPZUoLemrHyF4Yy_ZvQHBCNPeSaQLE2Anf_hh4HULMwamC8iicBHq9d1PoQ&s","COIFFURE FANNY","http://fanny-coiffure-agen.fr/","linkedin Not found","https://www.facebook.com/fannycoiffureagen/","https://www.instagram.com/fannycoif/"
"Logo Not found","MÜLLICH SICHERHEITSTECHNIK","website Not found","linkedin Not found","facebook Not found","https://www.instagram.com/kmsicherheit/"
"https://encrypted-tbn0.gstatic.com/images?q=tbn:ANd9GcTDDJN50-5rr1gC-NpSrK665CaevKb4DqdqEPVctu3-JkSQvXhEWN4S4DWpmQ&s","M.A.V. S.R.L.","https://www.mavsrl.net/","https://www.linkedin.com/company/mav-profilatrici","https://www.facebook.com/pages/category/Commercial-Equipment/Mavsrl-2023649211248825/","https://www.instagram.com/mav_srl_packagingsince1965/"
"https://encrypted-tbn0.gstatic.com/images?q=tbn:ANd9GcREMJ8zYws8lwwi9WpoRNHkOTAhI9PZmyMA4msPs616PRVdqDI6EnD2wmO-7Q&s","DR. ANGELIKA WENZEL","http://www.wenzel-koerpertherapie.de/","https://ae.linkedin.com/company/ergo-technology-services%3Ftrk%3Dpublic_profile_topcard-current-company","https://www.facebook.com/angelika.wenzel.14","https://www.instagram.com/wenzel.angela/"
"https://encrypted-tbn0.gstatic.com/images?q=tbn:ANd9GcQME1bn23ls78SwVMLXUOeCSB5_20bvwWAfkr3Y0ezCJTxAod_3jjwxGr0VT7M&s","SV MOTOR WILDAU E.V.","https://www.svmotorwildau.de/","linkedin Not found","https://www.facebook.com/svmotortt/","https://www.instagram.com/highoctanemotorsports/"
"https://encrypted-tbn0.gstatic.com/images?q=tbn:ANd9GcR6NhLtpH5ksqK82HQJoOJvh6Es6xDkp_uEuTo5IXatsPX20iy7F4-aWw9VQuA&s","AUTOSERVICE DALICHOW MEISTERBETRIEB","https://www.autoservice-dalichow.de/","linkedin Not found","https://de-de.facebook.com/pages/category/Motor-Vehicle-Company/Autoservice-Dalichow-206959529418904/","instagram Not found"
"https://encrypted-tbn0.gstatic.com/images?q=tbn:ANd9GcQAihLNKoh8A6ggiV7plQ5t402_cRVxEvSsZTJPH6LCPKaq9C3yTl6lXRc9Dug&s","FRISEUR IN DER KLOSTERPASSAGE","https://1schleusingen.de/friseur-der-klosterpassage/","linkedin Not found","facebook Not found","https://www.instagram.com/dasalvafriseure/"
"https://encrypted-tbn0.gstatic.com/images?q=tbn:ANd9GcQPlT0G6Wk7cqTteOd47aexFlfrwNPLz3L9N-eOGCaHPEhFiSIn7roohxdopQ&s","KRAUS DENTAL-LABOR","https://zahnmanufaktur-kraus.de/","https://www.linkedin.com/company/assured-dental-lab","https://www.facebook.com/zahnmanufakturkraus/%3Fref%3Dpy_c","https://www.instagram.com/zahnmanufakturkraus/"
"Logo Not found","DIRSTAM SAS DI DI RUSSO M. & C.","website Not found","linkedin Not found","https://www.facebook.com/pages/category/Automotive--Aircraft---Boat/Dirstam-SAS-di-Di-Russo-Maurizio-Co-2029773927243991/","https://www.instagram.com/instagram/"
"https://encrypted-tbn0.gstatic.com/images?q=tbn:ANd9GcTZASMBpXCfMapt8SjrBn2Ku_aHfCaqYoOfh7LcnxxWDnI6UJbXmT21I_cphA&s","ARNOLD SZCZEPANSKI","https://www.pinterest.com/pin/369998925631604174/","linkedin Not found","https://m.facebook.com/arnold.szczepanski","https://www.instagram.com/arnoldszczepanski/"
"https://encrypted-tbn0.gstatic.com/images?q=tbn:ANd9GcRSGjJ0xxnjXguhd9FHbbRUdwgcSAzfwZhpZLda-j2VutzILmBAgQopK5Hp-d0&s","DAS FESTESSEN COUTELLE &","https://www.das-festessen.de/","https://www.linkedin.com/company/gas--und-w%25C3%25A4rme-institut-essen-e-v-","facebook Not found","https://www.instagram.com/stephane_coutelle/"
"Logo Not found","BUCINO MARZIA","website Not found","linkedin Not found","https://www.facebook.com/pages/category/Office-Supplies/Cartomix-221221168029326/","https://www.instagram.com/marziabucino/"
"https://encrypted-tbn0.gstatic.com/images?q=tbn:ANd9GcQY8iebbyXXeI4IIfJqnf8Ux-VIEO1Ygn4Pi-3uLc5FJ74U02XIZwaiy-M_6A&s","FUCHS COHANA REBOUL & ASSOCIES","http://reboulassocies.com/","linkedin Not found","facebook Not found","https://www.instagram.com/fuchs_official/"
"https://encrypted-tbn0.gstatic.com/images?q=tbn:ANd9GcTpT9UGeHYWuWmdFb-qYdVO9_ivZlqOTLo8WACHJWDTeffES23Nppj27J07UVw&s","FDST WOHNHEIM AM QUERSCHLAG","https://www.fdst.de/rehabilitation/stationaeres-wohnen/haus-am-querschlag/","linkedin Not found","https://m.facebook.com/pages/Wohnheim-Am-Querschlag/285136891939505","https://www.instagram.com/studierendenwerk_freiburg/"
"Logo Not found","YAMAHA XS 650 CLUB DE FRANCE","website Not found","https://lu.linkedin.com/company/paris-honda-yamaha-harley-dav","https://www.facebook.com/yamahaxs650CDF/","https://www.instagram.com/_movingshadow_/"
"https://encrypted-tbn0.gstatic.com/images?q=tbn:ANd9GcSHSSA2VKftTJECogiJ8QiZDe_L-roC8ZCDvBG-h7R5btzAXy8aXTi_-cg0iQ&s","BAR ROMA DI LIGORIO GIUSEPPE","https://www.oraridiapertura24.it/filiale/Ceglie%252520Messapica-Josef%252520Cafe%252527%252520Di%252520Ligorio%252520Giuseppe-3272314K.html","linkedin Not found","https://hi-in.facebook.com/Caff%25C3%25A8-70-502445553256253/community/%3Fref%3Dpage_internal","instagram Not found"
"https://encrypted-tbn0.gstatic.com/images?q=tbn:ANd9GcRquxCg8Xt7WtOOLf4ye2WjfHkkLG2oTVzgMzvaLiS95U4j9PvXB_r7BVEbrw0&s","K. UND W. BERNAUER BAU-GMBH","https://www.bernauer-bau.de/","https://ch.linkedin.com/company/syneos-gmbh","https://de-de.facebook.com/pages/category/Construction-Company/Bernauer-Bau-310190782449766/","https://www.instagram.com/wk_bau_gmbh/"
"https://encrypted-tbn0.gstatic.com/images?q=tbn:ANd9GcToP-xaABzeSEhlHSrFySssApMyHKaSC2mMc1aGT1AZksI7nhsolNAVdTmPbg&s","ETTEBA SARL","http://www.etteba.com/","https://ng.linkedin.com/company/etteba%3Ftrk%3Dpublic_profile_experience-item_profile-section-card_subtitle-click","https://www.facebook.com/etteba.elec/","instagram Not found"
"https://encrypted-tbn0.gstatic.com/images?q=tbn:ANd9GcQpAD9zLCRfAPa9zoKCQIHfUfTpmhQKo0mE1Z-P6p0d72WCcephRgxwIoTQtg&s","LILIANE HEBERLE","https://lheberle.coaching-praxis-stuttgart.com/","linkedin Not found","https://www.facebook.com/liliane.heberle.92","https://www.instagram.com/lilianedossantosheb/"
"https://encrypted-tbn0.gstatic.com/images?q=tbn:ANd9GcSHP1DogECC_nFrL4NdDDP54ac1inxaB9tOJEZ7qNan-XGonoyQBQrlAiBVSp8&s","ELEKTRO GÖTZ","https://www.electro-coatings.com/","https://tz.linkedin.com/company/jacobsen-elektro-as","https://www.facebook.com/burkhaltergroup/","https://www.instagram.com/elektro/"
"https://encrypted-tbn0.gstatic.com/images?q=tbn:ANd9GcTYxEEDC4TKJTlpUuVlncTyGmmBSU37q2GJpGO2psuPIMuOQi_GGSvf4pDgIQ&s","CO GE I T SRL","https://cogeit.com/","https://www.linkedin.com/company/ge","https://www.facebook.com/cogetisrl/","https://www.instagram.com/co.ge.in.srl/"
"Logo Not found","SOC NADINE ARNAU ET CIE","website Not found","linkedin Not found","https://ar-ar.facebook.com/france5/","https://www.instagram.com/yannickbenjamin/"
"https://encrypted-tbn0.gstatic.com/images?q=tbn:ANd9GcRvlE1GylfsaLwXyfZ1yCdmIAmQUHP8CmT4StYj0d7_ljUCKoqAT8WHJmUpfg&s","JAN KOCANEK","http://www.kocanek.de/","linkedin Not found","https://www.facebook.com/jan.kocanek.1","https://www.instagram.com/jan_k1001/"
"https://encrypted-tbn0.gstatic.com/images?q=tbn:ANd9GcSRGH3yHHodfVWO6YupPXcC1NcgpvXDZO56EWqy6XkTS2F_yX5t-yTUXFLtXQ&s","STUDIO LEGALE CUCCIATTI E ASSOCIATI DEGL","http://www.studiocucciatti.eu/","linkedin Not found","facebook Not found","instagram Not found"
"Logo Not found","ULRICH BRAUN","website Not found","linkedin Not found","https://www.facebook.com/ulrich.braun.5682","https://www.instagram.com/ubberlin/"
"https://encrypted-tbn0.gstatic.com/images?q=tbn:ANd9GcTplRqfvXSkZrrnInM29ZXtWm4LMWl7oAhl6C2ArF8CrGxbq3XsI-tnaJZMlL4&s","GARAGE ROUSSET CHAVEROT","https://garagerousset-chaverot.fr/","linkedin Not found","facebook Not found","https://www.instagram.com/autogarage_todoroki/channel/"
"https://encrypted-tbn0.gstatic.com/images?q=tbn:ANd9GcSVvf6lauN3OkU_HZsHMte9Y1w43cUMB414AV_we1Di8dAwOQeNDX0PGrBErQ&s","ENERGIES ET INNOVATIONS","https://www.lelynx.fr/energie/guide/types-energies/innovations/","https://fr.linkedin.com/company/innovation-energie-d%25C3%25A9veloppement-ied","https://www.facebook.com/pages/category/Energy-Company/Strom-Energie-Innovations-1815260312121568/","https://www.instagram.com/eon_deutschland/reels/"
"https://encrypted-tbn0.gstatic.com/images?q=tbn:ANd9GcTGvG7lJcF3a6vGETFqpLur2J9qDmLyo-1lGpYW_Mwz8u2r4i3lSRiykEiYSg&s","SARL ARSAPRIM","https://arsaprim.com/","https://fr.linkedin.com/company/sarl-arsaprim","https://www.facebook.com/Arsaprim/","https://www.instagram.com/arsaprim13690/"
